{"cameraMode":{"drawMode":0,"name":"Shaded","section":"Shading Mode"},"sceneLighting":false,"audioPlay":false,"sceneViewState":{"m_AlwaysRefresh":false,"showFog":true,"showSkybox":false,"showFlares":true,"showImageEffects":true,"showParticleSystems":true,"showVisualEffectGraphs":true,"m_FxEnabled":true},"in2DMode":false,"pivot":{"x":-0.12541568279266358,"y":0.6749997138977051,"z":-10.085000038146973},"rotation":{"x":-0.21763430535793305,"y":0.3806909918785095,"z":-0.09268245846033097,"w":-0.8939391374588013},"size":0.7640594244003296,"orthographic":false}