{"cameraMode":{"drawMode":0,"name":"Shaded","section":"Shading Mode"},"sceneLighting":true,"audioPlay":false,"sceneViewState":{"m_AlwaysRefresh":false,"showFog":true,"showSkybox":true,"showFlares":true,"showImageEffects":true,"showParticleSystems":true,"showVisualEffectGraphs":true,"m_FxEnabled":true},"in2DMode":false,"pivot":{"x":1.6575031280517579,"y":-9.454377174377442,"z":24.01891326904297},"rotation":{"x":-0.21022918820381165,"y":-0.003816454205662012,"z":0.0008188693318516016,"w":-0.977649986743927},"size":15.99056339263916,"orthographic":false}